DEN,CCU
DEN,DEL
DEN,MAA
DFW,DFW
DFW,BOM
DFW,CCU
DTW,HYD
DTW,AMD
DTW,HYD
EWR,COK
EWR,EWR
EWR,HYD
EWR,MAA
EWR,BOM
EWR,CCU
EWR,CJB
EWR,COK
EWR,MAA
EWR,TRV
FLL,MIA
GOI,BOS
GOI,IAD
HYD,BOS
HYD,DFW
HYD,DTW
HYD,IAD
HYD,ATL
HYD,ATL
HYD,AUS
HYD,AUS
HYD,BOS
HYD,DEN
HYD,DFW
HYD,DTW
HYD,IAH
HYD,JFK
HYD,MSY
HYD,ORD
HYD,RDU
HYD,SEA
HYD,SFO
IAD,AMD
IAD,DEL
IAD,DEL
IAD,HYD
IAD,IAD
IAD,MAA
IAD,MAA
IAD,VGA
IAD,AMD
IAD,ATL
IAD,BDQ
IAD,BLR
IAD,CCU
IAD,CCU
IAD,CJB
IAD,IAD
IAD,MAA
IAD,PNQ
IAD,VGA
IAH,BOM
IAH,CCU
IAH,DEL
IAH,HYD
IAH,IAH
ICT,DEL
IND,BOM
IND,DEL
IXE,JFK
JAX,JAX
JFK,ATQ
JFK,BLR
JFK,BOM
JFK,COK
JFK,JFK
JFK,BBI
JFK,BLR
JFK,CCU
JFK,CCU
JFK,CJB
JFK,GOI
JFK,IXE
JFK,LAX
JFK,NAG
JFK,PNQ
LAS,BLR
LAS,DEL
LAX,BOM
LAX,HYD
LAX,MAA
LAX,MAA
LAX,BLR
LAX,CCU
LAX,COK
LAX,HYD
LAX,TRV
LKO,LAX
MAA,IAD
MAA,ATL
MAA,ATL
MAA,BLR
MAA,BOS
MAA,JFK
MAA,LAX
MAA,MIA
MAA,SFO
MAA,TPA
MCI,HYD
MEM,HYD
MIA,BOM
MIA,BOM
MIA,DEL
MIA,HYD
MIA,MIA
MSP,BLR
MSY,HYD
MSY,HYD
ORD,HYD
ORD,PNQ
ORD,VGA
ORD,AMD
ORD,ATQ
ORD,BHO
ORD,CCJ
ORD,IXE
ORD,LKO
ORD,PNQ
ORD,VGA
PDX,BOM
PDX,DEL
PDX,HYD
PDX,MAA
PHL,MAA
PHL,MAA
PHL,AMD
PHL,BLR
PHL,CCU
PHL,DFW
PHL,HYD
PHL,PHL
PHL,TRV
PHX,HYD
PHX,HYD
PHX,DEL
PIT,BLR
PIT,HYD
PIT,MAA
PNQ,IAD
PNQ,ORD
RDU,RDU
RDU,CCU
RDU,COK
RDU,DEL
RDU,HYD
RDU,MAA
RDU,MAA
SAN,BLR
SAN,MAA
SAT,BLR
SEA,DEL
SEA,HYD
SEA,HYD
SFO,BLR
SFO,COK
SFO,DEL
SFO,GOI
SFO,IAD
SFO,VGA
SFO,VTZ
SJC,DEL
SLC,BLR
STL,HYD
STL,MAA
VTZ,ORD
